Workbook

Sheet Instrukcja
A1: Szablon dokumentacji testowej | B1: Testowanie oprogramowania – ćwiczenia 1 (na podstawie ISO/IEC/IEEE 29119-3 i sylabusa ISTQB CTFL 4.0)
A2: Autor (imię, nazwisko, nr albumu) | B2: Kacper Mederski 174712
A3: Grupa / data | B3: IO2 07.10.2026
A4: Przedmiot testów | B4: KinoTO 1.0 – formularz zakupu biletów (specyfikacja: specyfikacja_KinoTO.md; obiekt do wykonywania testów: Symulator_KinoTO.xlsx)
A6: ARKUSZE
A7: Przegląd specyfikacji | B7: Wynik testowania statycznego: jeden wiersz = jeden problem w specyfikacji (z ID wymagania, rodzajem problemu i pytaniem do autora).
A8: Warunki testowe | B8: Wynik analizy: CO testujemy. ID w formacie WT-<obszar>-<nr>, np. WT-FRM-01; podaj wymaganie i priorytet.
A9: Przypadki testowe | B9: Specyfikacja przypadków testowych: jeden wiersz = jeden przypadek. ID w formacie TC-<obszar>-<nr>, np. TC-FRM-001. Kolumnę „Wymaganie” wypełnij identyfikatorami REQ-… (kilka – po przecinku).
A10: Macierz śledzenia | B10: Jeden wiersz = jedno wymaganie (ID i skrót są już wpisane). Uzupełnij priorytet i ID przypadków. Kolumny „Liczba przypadków”, „Zaliczone”, „Niezaliczone” i „Pokrycie” liczą się same.
A11: Sesja eksploracyjna | B11: Karta sesji (cel, czas) i notatki z sesji: co sprawdzono, co zaobserwowano, ocena obserwacji.
A12: Raporty defektów | B12: Jeden wiersz = jeden raport o defekcie (ID: DEF-<nr>). Kroki muszą pozwolić odtworzyć awarię innej osobie. Zrzut ekranu (opcjonalnie): Win+Shift+S, zapisz jako DEF-<nr>.png.
A13: Lista kontrolna | B13: Pozycje formułuj jako pytania, na które odpowiedź „Tak” oznacza stan poprawny. Wynik „Nie” → wpisz dowód i (jeśli to defekt) ID raportu.
A14: Raport z wykonania | B14: Podsumowanie testów. Liczby w kolumnie „Wartość” wyliczają się automatycznie – uzupełnij pola opisowe.
A16: STATUS PRZYPADKU | B16: Nie wykonano – jeszcze nie uruchomiony; Zaliczony – rzeczywisty rezultat = oczekiwany; Niezaliczony – rozbieżność (wpisz ID defektu); Zablokowany – nie da się wykonać (np. brak środowiska, inny defekt); Pominięty – świadomie nie wykonano (podaj powód w uwagach).
A17: WAŻNOŚĆ (severity) | B17: Wpływ defektu na system/użytkownika: Krytyczna – awaria uniemożliwia korzystanie z kluczowej funkcji, utrata danych, bezpieczeństwo; Wysoka – ważna funkcja działa błędnie, brak obejścia; Średnia – błąd z obejściem lub w mniej ważnej funkcji; Niska – kosmetyka, literówki, drobne niedogodności.
A18: PRIORYTET (priority) | B18: Pilność naprawy z punktu widzenia biznesu: Wysoki – naprawić natychmiast / przed wydaniem; Średni – w najbliższym cyklu; Niski – gdy będzie czas. Ważność i priorytet to dwie różne oceny (np. literówka w nazwie firmy na stronie głównej: niska ważność, wysoki priorytet).
A19: CYKL ŻYCIA DEFEKTU | B19: Nowy → Otwarty → W naprawie → Naprawiony → Do retestu → Zamknięty; ewentualnie Odrzucony (to nie defekt / nie do odtworzenia), Odroczony (naprawa później), Ponownie otwarty (retest nieudany).
... A21: Wiersze przykładowe | B21: Wiersze wyróżnione żółtym tłem są przykładami – usuń je lub zastąp własnymi przed oddaniem.

Sheet Przegląd specyfikacji
A1: Nr | B1: Wymaganie (REQ-…) | C1: Rodzaj problemu | D1: Opis problemu | E1: Pytanie do autora / propozycja
A2: 1 | B2: REQ-FRM-05 | C2: Niejednoznaczność | D2: „Liczba całkowita” – nie wiadomo, czy 2,0 lub puste pole są błędem. | E2: Czy 2,0 i puste pole mają dawać komunikat z REQ-FRM-05? (PRZYKŁAD – usuń lub zastąp)
A3: 2 | B3: REQ-FRM-02 | C3: Niejednoznaczność | D3: Wymaganie mówi: „może zawierać tylko litery, spację oraz myślnik”. Nie precyzuje, czy dozwolone są polskie znaki diakrytyczne (np. Ą, Ę, Ł, Ó, Ś, Ź, Ż) oraz czy dopuszczalne są ciągi złożone wyłącznie ze spacji/myślników lub spacje wiodące/kończące. | E3: Czy znaki diakrytyczne alfabetu polskiego są dozwolone? Czy należy dodać warunek: dopuszczalne polskie znaki, brak spacji na początku/końcu oraz wymóg obecności co najmniej jednej litery.
A4: 3 | B4: REQ-FRM-03 | C4: Niejednoznaczność | D4: Zapis „musi być poprawnym adresem e-mail” nie definiuje standardu walidacji, wymóg domeny TLD o długości min. 2 znaków, obsługa domen wielopoziomowych. | E4: Jaki standard walidacji e-mail ma być stosowany?
A5: 5 | B5: REQ-CEN-02 | C5: Ryzyko biznesowe / Niespójność logiczna | D5: Wymaganie: „Ulga przysługuje, gdy kupujący ma mniej niż 18 lat lub co najmniej 65 lat. Wszystkie bilety w zamówieniu są tego samego rodzaju.” Sprawia to, że rodzic (np. 35 lat) kupujący bilety dla dzieci nie może kupić biletów ulgowych, a senior (70 lat) kupujący 10 biletów dla dorosłych kupi wszystkie z ulgą 50%. | E5: Czy ulga powinna zależeć od wieku zamawiającego, czy od typu deklarowanych biletów? Jeśli ma zostać w tej formie, należy potwierdzić to jako świadomą regułę biznesową.
A6: 6 | B6: REQ-CEN-04, REQ-FRM-07 | C6: Niespójność interakcji | D6: REQ-CEN-04 podaje, że przy błędnym kodzie pojawia się „Nieprawidłowy kod – pominięto”, a zakup jest kontynuowany. REQ-FRM-07 mówi: „Przy błędnych danych wyświetlana jest lista wszystkich błędów (...), a zakup nie jest realizowany”. | E6: Czy niepoprawny kod promocyjny jest traktowany jako błąd walidacji blokujący zakup, czy jedynie ostrzeżenie (warning)?
A7: 7 | B7: REQ-CEN-05 | C7: Niejednoznaczność | D7: Wymaganie stanowi: „wartość biletów przed rabatem wynosi co najmniej 100,00 zł”. W słowniku: „Wartość biletów – liczba biletów × cena biletu”. Nie sprecyzowano, czy „cena biletu” oznacza cenę bazową (30 zł), czy cenę po uldze wiekowej (15 zł). | E7: Należy doprecyzować zapis: „liczba biletów × cena jednostkowa danego biletu (normalnego lub ulgowego) przed zastosowaniem rabatu z karty/kodu”.

Sheet Warunki testowe
A1: ID | B1: Warunek testowy (CO sprawdzamy) | C1: Wymaganie (REQ-…) | D1: Priorytet | E1: Uwagi
A2: WT-FRM-01 | B2: Obecność wszystkich pól wejściowych formularza i etykiet | C2: REQ-FRM-01 | D2: Średni | E2: Imię, E-mail, Wiek, Liczba biletów, Kod, Karta, przycisk
A3: WT-FRM-02 | B3: Akceptacja poprawnego imienia (długość 2–30 znaków, litery, spacja, myślnik, znaki PL) | C3: REQ-FRM-02 | D3: Wysoki | E3: Klasy prawidłowe (EP) i granice (AWB: 2, 30)
A4: WT-FRM-03 | B4: Odrzucenie niepoprawnego imienia (za krótkie, za długie, puste, cyfry, symbole specjalne) | C4: REQ-FRM-02 | D4: Wysoki | E4: Wartości graniczne (AWB: 1, 31) i niedozwolone znaki
A5: WT-FRM-04 | B5: Akceptacja poprawnego formatu adresu e-mail | C5: REQ-FRM-03 | D5: Wysoki | E5: Standardowa składnia e-mail
A6: WT-FRM-05 | B6: Odrzucenie niepoprawnego adresu e-mail (brak @, brak kropki, spacja, puste pole) | C6: REQ-FRM-03 | D6: Wysoki | E6: Weryfikacja komunikatu: „Niepoprawny adres e-mail.”
A7: WT-FRM-06 | B7: Akceptacja poprawnego wieku (1–120 lat, wartości brzegowe i wewnętrzne) | C7: REQ-FRM-04 | D7: Wysoki | E7: AWB: 1, 2, 119, 120
A8: WT-FRM-07 | B8: Odrzucenie wieku spoza zakresu (< 1, > 120, wartości ułamkowe, tekst, puste) | C8: REQ-FRM-04 | D8: Wysoki | E8: AWB: 0, -1, 121, wartości nieliczbowe
A9: WT-FRM-08 | B9: Akceptacja poprawnej liczby biletów (1–10 sztuk, wartości brzegowe) | C9: REQ-FRM-05 | D9: Wysoki | E9: AWB: 1, 10 oraz wartości środkowe (np. 5)
A10: WT-FRM-09 | B10: Odrzucenie liczby biletów spoza zakresu (0, 11, liczby ujemne, ułamki, puste) | C10: REQ-FRM-05 | D10: Wysoki | E10: AWB: 0, 11
A11: WT-FRM-10 | B11: Opcjonalność pola kodu promocyjnego (zakup możliwy z pustym kodem) | C11: REQ-FRM-06 | D11: Średni | E11: Kod nie jest wymagany do sfinalizowania
A12: WT-FRM-11 | B12: Wyświetlanie listy wszystkich błędów i blokada podsumowania przy danych niepoprawnych | C12: REQ-FRM-07 | D12: Wysoki | E12: Sprawdzenie jednoczesnego wystąpienia wielu błędów
... A27: WT-CEN-14 | B27: Formatowanie kwot z 2 miejscami po przecinku i jednostką „zł” | C27: REQ-CEN-07 | D27: Średni | E27: Weryfikacja formatu w komórkach

Sheet Przypadki testowe
A1: ID | B1: Tytuł | C1: Wymaganie (REQ-…) | D1: Technika | E1: Priorytet | F1: Warunki wstępne | G1: Dane testowe | H1: Kroki | I1: Oczekiwany rezultat | J1: Rzeczywisty rezultat | K1: Status | L1: ID defektu | M1: Wykonał | N1: Data wykonania | O1: Uwagi
A2: TC-FRM-001 | B2: Zakup z poprawnymi danymi (bez karty i kodu) | C2: REQ-FRM-08, REQ-CEN-01, REQ-CEN-05, REQ-CEN-06 | D2: EP | E2: Wysoki | F2: 1. Otwarty Symulator_KinoTO.xlsx. 2. Wszystkie żółte pola puste, karta: Nie. | G2: imię: Anna e-mail: anna@example.com wiek: 30 liczba biletów: 2 kod: (puste) karta: Nie | H2: 1. Wpisz dane testowe w żółte pola. 2. Odczytaj sekcje „Komunikaty” i „Podsumowanie”. | I2: Brak komunikatów o błędach; cena biletu 30,00 zł; rabat 0%; opłata 2,00 zł; do zapłaty 62,00 zł; „Dziękujemy za zakup!”. | J2: Brak błędów; Cena: 30,00 zł; Rabat: 0%; Opłata: 2; Do zapłaty: 62,00 zł; „Dziękujemy za zakup!”. | K2: Niezaliczony | L2: DEF-006 | M2: Kacper Mederski | N2: 46302 | O2: Błąd formatowania opłaty (wyświetla 2 zamiast 2,00 zł)
A3: TC-FRM-002 | B3: Minimalna długość imienia (2 znaki) | C3: REQ-FRM-02 | D3: AWB | E3: Średni | F3: Otwarty syumulator | G3: Imię: Jan E-mail: jan@op.pl Wiek: 25 Bilety: 1 Kod: (puste) Karta: Nie | H3: 1. Wprowadź Imię: Jan (lub Bo - 2 znaki). 2. Sprawdź sekcję Komunikaty. | I3: Brak błędu imienia; formularz przetworzony pomyślnie. | J3: Brak błędu imienia; formularz przetworzony pomyślnie. | K3: Zaliczony | M3: Kacper Mederski | N3: 46302 | O3: Granica poprawna (AWB min = 2)
A4: TC-FRM-003 | B4: Za krótkie imię (1 znak) | C4: REQ-FRM-02 | D4: AWB | E4: Wysoki | F4: Otwarty syumulator | G4: Imię: J E-mail: jan@op.pl Wiek: 25 Bilety: 1 Kod: (puste) Karta: Nie | H4: 1. Wprowadź Imię: J. 2. Sprawdź komunikaty i podsumowanie. | I4: Komunikat: „Podaj poprawne imię.”; brak podsumowania. | J4: Komunikat: „Podaj poprawne imię.”; brak podsumowania. | K4: Zaliczony | M4: Kacper Mederski | N4: 46302 | O4: Granica niepoprawna (AWB min-1 = 1)
A5: TC-FRM-004 | B5: Maksymalna długość imienia (30 znaków) | C5: REQ-FRM-02 | D5: AWB | E5: Średni | F5: Otwarty syumulator | G5: Imię: Konstantynopolitańczykowianecz E-mail: test@wp.pl Wiek: 25 Bilety: 1 Kod: (puste) Karta: Nie | H5: 1. Wprowadź imię 30-znakowe. 2. Odczytaj komunikaty. | I5: Brak błędu imienia; podsumowanie wygenerowane. | J5: Brak błędu imienia; podsumowanie wygenerowane. | K5: Zaliczony | M5: Kacper Mederski | N5: 46302 | O5: Granica poprawna (AWB max = 30)
A6: TC-FRM-005 | B6: Za długie imię (31 znaków) | C6: REQ-FRM-02 | D6: AWB | E6: Średni | F6: Otwarty syumulator | G6: Imię: Konstantynopolitańczykowianecz1 E-mail: test@wp.pl Wiek: 25 Bilety: 1 Kod: (puste) Karta: Nie | H6: 1. Wprowadź imię 31-znakowe. 2. Odczytaj komunikaty. | I6: Komunikat: „Podaj poprawne imię.”; brak podsumowania. | J6: Komunikat: „Podaj poprawne imię.”; brak podsumowania. | K6: Zaliczony | M6: Kacper Mederski | N6: 46302 | O6: Granica niepoprawna (AWB max+1 = 31)
A7: TC-FRM-006 | B7: Imię z cyframi i znakami specjalnymi | C7: REQ-FRM-02 | D7: EP | E7: Wysoki | F7: Otwarty syumulator | G7: Imię: Jan123! E-mail: test@wp.pl Wiek: 25 Bilety: 1 Kod: (puste) Karta: Nie | H7: 1. Wpisz Imię: Jan123!. 2. Sprawdź komunikaty. | I7: Komunikat: „Podaj poprawne imię.”; brak podsumowania. | J7: Brak błędu imienia; formularz zaakceptowany, wygenerowano podsumowanie | K7: Niezaliczony | L7: DEF-005 | M7: Kacper Mederski | N7: 46302 | O7: Formuła w Excelu sprawdza wyłącznie LEN, brak weryfikacji dozwolonych znaków!
A8: TC-FRM-007 | B8: Poprawne imię dwuczłonowe ze spacją i myślnikiem | C8: REQ-FRM-02 | D8: EP | E8: Średni | F8: Otwarty syumulator | G8: Imię: Anna-Maria Nowak E-mail: am@test.pl Wiek: 25 Bilety: 1 Kod: (puste) Karta: Nie | H8: 1. Wpisz Imię: Anna-Maria Nowak. 2. Sprawdź komunikaty. | I8: Brak błędu imienia; zakup zrealizowany. | J8: Brak błędu imienia; zakup zrealizowany. | K8: Zaliczony | M8: Kacper Mederski | N8: 46302 | O8: Spacja i myślnik zaakceptowane poprawnie
A9: TC-FRM-008 | B9: Niepoprawny format e-mail (brak domeny / kropki) | C9: REQ-FRM-03 | D9: EP | E9: Wysoki | F9: Otwarty syumulator | G9: Imię: Piotr E-mail: piotr@serwer Wiek: 25 Bilety: 1 Kod: (puste) Karta: Nie | H9: 1. Wpisz E-mail bez kropki. 2. Sprawdź komunikaty. | I9: Komunikat: „Niepoprawny adres e-mail.”; brak podsumowania. | J9: Komunikat: „Niepoprawny adres e-mail.”; brak podsumowania. | K9: Zaliczony | M9: Kacper Mederski | N9: 46302 | O9: Walidacja odrzuca e-mail
A10: TC-FRM-009 | B10: Niepoprawny format e-mail (brak małpy) | C10: REQ-FRM-03 | D10: EP | E10: Wysoki | F10: Otwarty syumulator | G10: Imię: Piotr E-mail: piotrpoczta.pl Wiek: 25 Bilety: 1 Kod: (puste) Karta: Nie | H10: 1. Wpisz e-mail bez znaku @. 2. Sprawdź komunikaty. | I10: Komunikat: „Niepoprawny adres e-mail.”; brak podsumowania. | J10: Komunikat: „Niepoprawny adres e-mail.”; brak podsumowania. | K10: Zaliczony | M10: Kacper Mederski | N10: 46302 | O10: Walidacja poprawnie blokuje
A11: TC-FRM-010 | B11: Minimalny dopuszczalny wiek (1 rok) | C11: REQ-FRM-04 | D11: AWB | E11: Średni | F11: Otwarty syumulator | G11: Imię: Adam E-mail: a@b.pl Wiek: 1 Bilety: 1 Kod: (puste) Karta: Nie | H11: 1. Wpisz Wiek: 1. 2. Odczytaj komunikaty. | I11: Brak błędu wieku; naliczona ulga (15,00 zł). | J11: Brak błędu wieku; naliczona ulga (15,00 zł). | K11: Zaliczony | M11: Kacper Mederski | N11: 46302 | O11: Granica dolna prawidłowa (AWB = 1)
A12: TC-FRM-011 | B12: Niedopuszczalny wiek poniżej zakresu (0 lat) | C12: REQ-FRM-04 | D12: AWB | E12: Wysoki | F12: Otwarty syumulator | G12: Imię: Adam E-mail: a@b.pl Wiek: 0 Bilety: 1 Kod: (puste) Karta: Nie | H12: 1. Wpisz Wiek: 0. 2. Odczytaj komunikaty. | I12: Komunikat: „Podaj wiek od 1 do 120.”; brak podsumowania. | J12: Komunikat: „Podaj wiek od 1 do 120.”; brak podsumowania. | K12: Zaliczony | M12: Kacper Mederski | N12: 46302 | O12: Granica dolna poza zakresem (AWB = 0)
A13: TC-FRM-012 | B13: Maksymalny dopuszczalny wiek (120 lat) | C13: REQ-FRM-04 | D13: AWB | E13: Średni | F13: Otwarty syumulator | G13: Imię: Adam E-mail: a@b.pl Wiek: 120 Bilety: 1 Kod: (puste) Karta: Nie | H13: 1. Wpisz Wiek: 120. 2. Odczytaj komunikaty. | I13: Brak błędu wieku; naliczona ulga (15,00 zł). | J13: Brak błędu wieku; naliczona ulga (15,00 zł). | K13: Zaliczony | M13: Kacper Mederski | N13: 46302 | O13: Granica górna prawidłowa (AWB = 120)
A14: TC-FRM-013 | B14: Wiek powyżej zakresu (121 lat) | C14: REQ-FRM-04 | D14: AWB | E14: Wysoki | F14: Otwarty syumulator | G14: Imię: Adam E-mail: a@b.pl Wiek: 121 Bilety: 1 Kod: (puste) Karta: Nie | H14: 1. Wpisz Wiek: 121. 2. Odczytaj komunikaty. | I14: Komunikat: „Podaj wiek od 1 do 120.”; brak podsumowania. | J14: Komunikat: „Podaj wiek od 1 do 120.”; brak podsumowania. | K14: Zaliczony | M14: Kacper Mederski | N14: 46302 | O14: Granica górna poza zakresem (AWB = 121)
A15: TC-FRM-014 | B15: Minimalna liczba biletów (1 bilet) | C15: REQ-FRM-05 | D15: AWB | E15: Średni | F15: Otwarty syumulator | G15: Imię: Ewa E-mail: ewa@wp.pl Wiek: 20 Bilety: 1 Kod: (puste) Karta: Nie | H15: 1. Wpisz Liczba biletów: 1. 2. Odczytaj komunikaty i podsumowanie. | I15: Zakup 1 biletu zaakceptowany. | J15: Zakup 1 biletu zaakceptowany. | K15: Zaliczony | M15: Kacper Mederski | N15: 46302 | O15: Granica dolna (AWB = 1)
A16: TC-FRM-015 | B16: Liczba biletów poniżej zakresu (0 biletów) | C16: REQ-FRM-05 | D16: AWB | E16: Wysoki | F16: Otwarty syumulator | G16: Imię: Ewa E-mail: ewa@wp.pl Wiek: 20 Bilety: 0 Kod: (puste) Karta: Nie | H16: 1. Wpisz Liczba biletów:0. 2. Odczytaj komunikaty i podsumowanie. | I16: Komunikat: „Można kupić od 1 do 10 biletów.”; brak podsumowania. | J16: Komunikat: „Można kupić od 1 do 10 biletów.”; brak podsumowania. | K16: Zaliczony | M16: Kacper Mederski | N16: 46302 | O16: Granica poza zakresem (AWB = 0)
A17: TC-FRM-016 | B17: Maksymalna dopuszczalna liczba biletów (10 biletów) | C17: REQ-FRM-05 | D17: AWB | E17: Średni | F17: Otwarty syumulator | G17: Imię: Ewa E-mail: ewa@wp.pl Wiek: 20 Bilety: 10 Kod: (puste) Karta: Nie | H17: 1. Wpisz Liczba biletów: 10. 2. Odczytaj komunikaty i podsumowanie. | I17: Zakup 10 biletów zrealizowany. | J17: Zakup 10 biletów zrealizowany. | K17: Zaliczony | M17: Kacper Mederski | N17: 46302 | O17: Granica górna (AWB = 10)
A18: TC-FRM-017 | B18: Liczba biletów powyżej dopuszczalnego limitu (11 biletów) | C18: REQ-FRM-05 | D18: AWB | E18: Wysoki | F18: Otwarty syumulator | G18: Imię: Ewa E-mail: ewa@wp.pl Wiek: 20 Bilety: 11 Kod: (puste) Karta: Nie | H18: 1. Wpisz Liczba biletów: 11. 2. Odczytaj sekcję Komunikaty i Podsumowanie. | I18: Komunikat: „Można kupić od 1 do 10 biletów.”; brak podsumowania. | J18: Brak błędu! Wygenerowano podsumowanie dla 11 biletów! Do zapłaty: 330,00 zł. | K18: Niezaliczony | L18: DEF-001 | M18: Kacper Mederski | N18: 46302 | O18: Formuła w komórce H7 ma błąd logiczny: C7<=11 zamiast C7<=10
A19: TC-FRM-018 | B19: Weryfikacja wyświetlania listy wszystkich błędów | C19: REQ-FRM-07 | D19: EP | E19: Wysoki | F19: Otwarty syumulator | G19: Imię: A E-mail: brak_malpy Wiek: 0 Bilety: 0 Kod: (puste) Karta: Nie | H19: 1. Wprowadź 4 błędne pola wejściowe. 2. Odczytaj sekcję Komunikaty. | I19: 4 komunikaty błędów (po jednym dla każdego pola); brak podsumowania. | J19: 4 komunikaty błędów (po jednym dla każdego pola); brak podsumowania. | K19: Zaliczony | M19: Kacper Mederski | N19: 46302 | O19: REQ-FRM-07 spełnione
A20: TC-FRM-019 | B20: Weryfikacja elementów formularza i etykiet | C20: REQ-FRM-01 | D20: Na podstawie wymagania | E20: Średni | F20: Otwarty syumulator | G20: imię: Anna e-mail: anna@example.com wiek: 30 liczba biletów: 2 kod: (puste) karta: Nie | H20: 1. Zweryfikuj nazwy etykiet formularza (B4–B9) oraz obecność przycisku „Kup”. | I20: Wszystkie pola zgodne ze specyfikacją, obecny przycisk „Kup”, pole B8 ma etykietę „Kod promocyjny”. | J20: W B8 etykieta „Kod rabatowy” zamiast „Kod promocyjny”; brak fizycznego przycisku „Kup”. | K20: Niezaliczony | L20: DEF-007 | M20: Kacper Mederski | N20: 46302 | O20: Drobna niezgodność etykiety i formy interakcji
A21: TC-CEN-001 | B21: Granica ulgi dla młodzieży – wiek 17 lat (ulga) | C21: REQ-CEN-02 | D21: AWB | E21: Wysoki | F21: Otwarty syumulator | G21: Imię: Jan E-mail: j@wp.pl Wiek: 17 Bilety: 1 Kod: (puste) Karta: Nie | H21: 1. Wpisz Wiek: 17. 2. Sprawdź Cenę biletu w podsumowaniu. | I21: Cena biletu: 15,00 zł (ulga 50%). | J21: Cena biletu: 15,00 zł (ulga 50%). | K21: Zaliczony | M21: Kacper Mederski | N21: 46302 | O21: Ulga przyznana poprawnie
A22: TC-CEN-002 | B22: Granica ulgi dla dorosłych – wiek 18 lat (brak ulgi) | C22: REQ-CEN-01, REQ-CEN-02 | D22: AWB | E22: Wysoki | F22: Otwarty syumulator | G22: Imię: Jan E-mail: j@wp.pl Wiek: 18 Bilety: 1 Kod: (puste) Karta: Nie | H22: 1. Wpisz Wiek: 18. 2. Sprawdź Cenę biletu w podsumowaniu. | I22: Cena biletu: 30,00 zł (bilet normalny). | J22: Cena biletu: 30,00 zł (bilet normalny). | K22: Zaliczony | M22: Kacper Mederski | N22: 46302 | O22: Prawidłowy bilet normalny
A23: TC-CEN-003 | B23: Granica ulgi dla dorosłych przed emeryturą – wiek 64 lata (brak ulgi) | C23: REQ-CEN-01, REQ-CEN-02 | D23: AWB | E23: Wysoki | F23: Otwarty syumulator | G23: Imię: Jan E-mail: j@wp.pl Wiek: 64 Bilety: 1 Kod: (puste) Karta: Nie | H23: 1. Wpisz Wiek: 64. 2. Sprawdź Cenę biletu w podsumowaniu. | I23: Cena biletu: 30,00 zł (bilet normalny). | J23: Cena biletu: 30,00 zł (bilet normalny). | K23: Zaliczony | M23: Kacper Mederski | N23: 46302 | O23: Prawidłowy bilet normalny
A24: TC-CEN-004 | B24: Granica ulgi dla seniora – wiek dokładnie 65 lat (ulga) | C24: REQ-CEN-02 | D24: AWB | E24: Wysoki | F24: Otwarty syumulator | G24: Imię: Jan E-mail: j@wp.pl Wiek: 65 Bilety: 1 Kod: (puste) Karta: Nie | H24: 1. Wpisz Wiek: 65. 2. Sprawdź Cenę biletu w podsumowaniu. | I24: Cena biletu: 15,00 zł (zgodnie z REQ: „co najmniej 65 lat”). | J24: Wyświetla się Cena biletu: 30,00 zł! Brak naliczonej ulgi! | K24: Niezaliczony | L24: DEF-002 | M24: Kacper Mederski | N24: 46302 | O24: Błąd w formule H11: C6>65 zamiast C6>=65! Senior 65 lat płaci pełną cenę
A25: TC-CEN-005 | B25: Ulga dla seniora – wiek 66 lat (ulga) | C25: REQ-CEN-02 | D25: AWB | E25: Średni | F25: Otwarty syumulator | G25: Imię: Jan E-mail: j@wp.pl Wiek: 66 Bilety: 1 Kod: (puste) Karta: Nie | H25: 1. Wpisz Wiek: 66. 2. Sprawdź Cenę biletu w podsumowaniu. | I25: Cena biletu: 15,00 zł. | J25: Cena biletu: 15,00 zł. | K25: Zaliczony | M25: Kacper Mederski | N25: 46302 | O25: Dla 66 lat działa poprawnie
A26: TC-CEN-006 | B26: Rabat 10% – wyłącznie Karta Kinomaniaka (bez kodu) | C26: REQ-CEN-03 | D26: Tablica decyzyjna | E26: Wysoki | F26: Otwarty syumulator | G26: Imię: Jan E-mail: j@wp.pl Wiek: 30 Bilety: 1 Kod: (puste) Karta: Tak | H26: 1. Ustaw Karta: Tak, Kod: (puste). 2. Sprawdź pole Rabat w podsumowaniu. | I26: Rabat: 10%. | J26: Rabat: 10%. | K26: Zaliczony | M26: Kacper Mederski | N26: 46302 | O26: Rabat 10% przyznany prawidłowo
A27: TC-CEN-007 | B27: Rabat 10% – wyłącznie poprawny kod KINO10 (bez karty) | C27: REQ-CEN-03, REQ-CEN-04 | D27: Tablica decyzyjna | E27: Wysoki | F27: Otwarty syumulator | G27: Imię: Jan E-mail: j@wp.pl Wiek: 30 Bilety: 1 Kod: KINO10 Karta: Nie | H27: 1. Ustaw Karta: Nie, Kod: KINO10. 2. Sprawdź pole Rabat w podsumowaniu. | I27: Rabat: 10%. | J27: Rabat: 10%. | K27: Zaliczony | M27: Kacper Mederski | N27: 46302 | O27: Rabat 10% z kodu wielkimi literami OK
A28: TC-CEN-008 | B28: Kod KINO10 pisany małymi literami (kino10) | C28: REQ-CEN-04 | D28: EP | E28: Wysoki | F28: Otwarty syumulator | G28: Imię: Jan E-mail: j@wp.pl Wiek: 30 Bilety: 1 Kod: kino10 Karta: Nie | H28: 1. Wpisz Kod: kino10. 2. Sprawdź komunikaty i pole Rabat. | I28: Brak ostrzeżenia o błędnym kodzie; Rabat: 10% (wielkość liter bez znaczenia). | J28: Komunikat: „Nieprawidłowy kod – pominięto”; Rabat: 0% | K28: Niezaliczony | L28: DEF-004 | M28: Kacper Mederski | N28: 46302 | O28: Formuła w H8 używa case-sensitive EXACT()!
A29: TC-CEN-009 | B29: Rabat 15% – Karta Kinomaniaka ORAZ kod KINO10 | C29: REQ-CEN-03 | D29: Tablica decyzyjna | E29: Wysoki | F29: Otwarty syumulator | G29: Imię: Jan E-mail: j@wp.pl Wiek: 30 Bilety: 2 Kod: KINO10 Karta: Tak | H29: 1. Ustaw Karta: Tak, Kod: KINO10. 2. Odczytaj pole Rabat i Do zapłaty. | I29: Rabat: 15%; Do zapłaty: 51,00 zł (zgodnie z przykładem w specyfikacji). | J29: Rabat: 20%; Do zapłaty: 48,00 zł | K29: Niezaliczony | L29: DEF-003 | M29: Kacper Mederski | N29: 46302 | O29: Formuła w H12 zwraca 20 zamiast 15! Zaniżenie przychodu kina.
A30: TC-CEN-010 | B30: Niepoprawny kod promocyjny (pominięcie i ostrzeżenie) | C30: REQ-CEN-04, REQ-FRM-06 | D30: EP | E30: Średni | F30: Otwarty syumulator | G30: Imię: Jan E-mail: j@wp.pl Wiek: 30 Bilety: 1 Kod: BLEDNYKOD Karta: Nie | H30: 1. Wpisz Kod: BLEDNYKOD. 2. Sprawdź komunikaty i podsumowanie. | I30: Komunikat: „Nieprawidłowy kod – pominięto”; Rabat: 0%; zakup kontynuowany. | J30: Komunikat: „Nieprawidłowy kod – pominięto”; Rabat: 0%; zakup kontynuowany. | K30: Zaliczony | M30: Kacper Mederski | N30: 46302 | O30: Mechanizm pominięcia działa poprawnie
A31: TC-CEN-011 | B31: Opłata rezerwacyjna 0 zł przy wartości biletów >= 100 zł (3 bilety = 90 zł vs 4 bilety = 120 zł) | C31: REQ-CEN-05 | D31: AWB | E31: Wysoki | F31: Otwarty syumulator | G31: Imię: Jan E-mail: j@wp.pl Wiek: 30 Bilety: 4 Kod: (puste) Karta: Nie | H31: 1. Wpisz Bilety: 4 (wartość 120 zł). 2. Sprawdź Opłata rezerwacyjna. | I31: Wartość biletów 120 zł >= 100 zł; Opłata: 0,00 zł. | J31: Wartość biletów 120 zł >= 100 zł; Opłata: 0,00 zł. | K31: Zaliczony | M31: Kacper Mederski | N31: 46302 | O31: Zwolnienie kwotowe działa poprawnie (format zgłoszony w DEF-006)
A32: TC-CEN-012 | B32: Naliczanie opłaty rezerwacyjnej 2 zł przy wartości biletów < 100 zł | C32: REQ-CEN-05 | D32: AWB | E32: Wysoki | F32: Otwarty syumulator | G32: Imię: Jan E-mail: j@wp.pl Wiek: 30 Bilety: 3 Kod: (puste) Karta: Nie | H32: 1. Wpisz Bilety: 3 (wartość 90 zł). 2. Sprawdź Opłata rezerwacyjna. | I32: Wartość biletów 90 zł < 100 zł; Opłata: 2,00 zł; Do zapłaty: 92,00 zł. | J32: Wartość biletów 90 zł < 100 zł; Opłata: 2,00 zł; Do zapłaty: 92,00 zł. | K32: Zaliczony | M32: Kacper Mederski | N32: 46302 | O32: Naliczanie opłaty poprawne
A33: TC-CEN-013 | B33: Zwolnienie z opłaty rezerwacyjnej na podstawie Karty Kinomaniaka dla kwoty < 100 zł | C33: REQ-CEN-05 | D33: Tablica decyzyjna | E33: Wysoki | F33: Otwarty syumulator | G33: Imię: Jan E-mail: j@wp.pl Wiek: 30 Bilety: 1 Kod: (puste) Karta: Tak | H33: 1. Bilety: 1 (wartość 30 zł), Karta: Tak. 2. Sprawdź opłatę. | I33: Karta: Tak; Opłata: 0,00 zł. | J33: Karta: Tak; Opłata: 0,00 zł. | K33: Zaliczony | M33: Kacper Mederski | N33: 46302 | O33: Posiadacz karty zwolniony z opłaty
A34: TC-CEN-014 | B34: Precyzja zaokrąglenia kwoty do grosza przy rabacie | C34: REQ-CEN-06 | D34: Na podstawie wymagania | E34: Średni | F34: Otwarty syumulator | G34: Imię: Jan E-mail: j@wp.pl Wiek: 15 Bilety: 1 Kod: KINO10 Karta: Nie | H34: 1. Bilet ulgowy 15 zł, rabat 10% (13,50 zł), opłata 2 zł. 2. Sprawdź Do zapłaty. | I34: Do zapłaty: 15 × 0,90 + 2 = 15,50 zł. | J34: Do zapłaty: 15 × 0,90 + 2 = 15,50 zł. | K34: Zaliczony | M34: Kacper Mederski | N34: 46302 | O34: Prawidłowe zaokrąglenie

Sheet Macierz śledzenia
A1: ID wymagania | B1: Wymaganie (skrót) | C1: Priorytet | D1: Przypadki testowe (ID) | E1: Liczba przypadków | F1: Zaliczone | G1: Niezaliczone | H1: Pokrycie | I1: Uwagi
A2: REQ-FRM-01 | B2: Pola formularza i przycisk „Kup” | C2: Średni | D2: TC-FRM-019 | E2: =IF(A2="","",COUNTIF('Przypadki testowe'!$C$2:$C$300,"*"&A2&"*")) -> 1 | F2: =IF(A2="","",COUNTIFS('Przypadki testowe'!$C$2:$C$300,"*"&A2&"*",'Przypadki testowe'!$K$2:$K$300,"Zaliczony")) -> 0 | G2: =IF(A2="","",COUNTIFS('Przypadki testowe'!$C$2:$C$300,"*"&A2&"*",'Przypadki testowe'!$K$2:$K$300,"Niezaliczony")) -> 1 | H2: =IF(A2="","",IF(E2>0,"Pokryte","BRAK")) -> Pokryte
A3: REQ-FRM-02 | B3: Imię 2–30 znaków: litery, spacja, myślnik | C3: Wysoki | D3: TC-FRM-002, TC-FRM-003, TC-FRM-004, TC-FRM-005, TC-FRM-006, TC-FRM-007 | E3: =IF(A3="","",COUNTIF('Przypadki testowe'!$C$2:$C$300,"*"&A3&"*")) -> 6 | F3: =IF(A3="","",COUNTIFS('Przypadki testowe'!$C$2:$C$300,"*"&A3&"*",'Przypadki testowe'!$K$2:$K$300,"Zaliczony")) -> 5 | G3: =IF(A3="","",COUNTIFS('Przypadki testowe'!$C$2:$C$300,"*"&A3&"*",'Przypadki testowe'!$K$2:$K$300,"Niezaliczony")) -> 1 | H3: =IF(A3="","",IF(E3>0,"Pokryte","BRAK")) -> Pokryte
A4: REQ-FRM-03 | B4: Poprawny adres e-mail | C4: Wysoki | D4: TC-FRM-008, TC-FRM-009 | E4: =IF(A4="","",COUNTIF('Przypadki testowe'!$C$2:$C$300,"*"&A4&"*")) -> 2 | F4: =IF(A4="","",COUNTIFS('Przypadki testowe'!$C$2:$C$300,"*"&A4&"*",'Przypadki testowe'!$K$2:$K$300,"Zaliczony")) -> 2 | G4: =IF(A4="","",COUNTIFS('Przypadki testowe'!$C$2:$C$300,"*"&A4&"*",'Przypadki testowe'!$K$2:$K$300,"Niezaliczony")) -> 0 | H4: =IF(A4="","",IF(E4>0,"Pokryte","BRAK")) -> Pokryte
A5: REQ-FRM-04 | B5: Wiek: liczba całkowita 1–120 | C5: Wysoki | D5: TC-FRM-010, TC-FRM-011, TC-FRM-012, TC-FRM-013 | E5: =IF(A5="","",COUNTIF('Przypadki testowe'!$C$2:$C$300,"*"&A5&"*")) -> 4 | F5: =IF(A5="","",COUNTIFS('Przypadki testowe'!$C$2:$C$300,"*"&A5&"*",'Przypadki testowe'!$K$2:$K$300,"Zaliczony")) -> 4 | G5: =IF(A5="","",COUNTIFS('Przypadki testowe'!$C$2:$C$300,"*"&A5&"*",'Przypadki testowe'!$K$2:$K$300,"Niezaliczony")) -> 0 | H5: =IF(A5="","",IF(E5>0,"Pokryte","BRAK")) -> Pokryte
A6: REQ-FRM-05 | B6: Liczba biletów: liczba całkowita 1–10 | C6: Wysoki | D6: TC-FRM-014, TC-FRM-015, TC-FRM-016, TC-FRM-017 | E6: =IF(A6="","",COUNTIF('Przypadki testowe'!$C$2:$C$300,"*"&A6&"*")) -> 4 | F6: =IF(A6="","",COUNTIFS('Przypadki testowe'!$C$2:$C$300,"*"&A6&"*",'Przypadki testowe'!$K$2:$K$300,"Zaliczony")) -> 3 | G6: =IF(A6="","",COUNTIFS('Przypadki testowe'!$C$2:$C$300,"*"&A6&"*",'Przypadki testowe'!$K$2:$K$300,"Niezaliczony")) -> 1 | H6: =IF(A6="","",IF(E6>0,"Pokryte","BRAK")) -> Pokryte
A7: REQ-FRM-06 | B7: Kod promocyjny opcjonalny | C7: Średni | D7: TC-FRM-001, TC-CEN-010 | E7: 2 | F7: =IF(A7="","",COUNTIFS('Przypadki testowe'!$C$2:$C$300,"*"&A7&"*",'Przypadki testowe'!$K$2:$K$300,"Zaliczony")) -> 1 | G7: 1 | H7: =IF(A7="","",IF(E7>0,"Pokryte","BRAK")) -> Pokryte
A8: REQ-FRM-07 | B8: Lista wszystkich błędów, brak zakupu | C8: Wysoki | D8: TC-FRM-018 | E8: =IF(A8="","",COUNTIF('Przypadki testowe'!$C$2:$C$300,"*"&A8&"*")) -> 1 | F8: =IF(A8="","",COUNTIFS('Przypadki testowe'!$C$2:$C$300,"*"&A8&"*",'Przypadki testowe'!$K$2:$K$300,"Zaliczony")) -> 1 | G8: =IF(A8="","",COUNTIFS('Przypadki testowe'!$C$2:$C$300,"*"&A8&"*",'Przypadki testowe'!$K$2:$K$300,"Niezaliczony")) -> 0 | H8: =IF(A8="","",IF(E8>0,"Pokryte","BRAK")) -> Pokryte
A9: REQ-FRM-08 | B9: Podsumowanie i „Dziękujemy za zakup!” | C9: Wysoki | D9: TC-FRM-001 | E9: =IF(A9="","",COUNTIF('Przypadki testowe'!$C$2:$C$300,"*"&A9&"*")) -> 1 | F9: =IF(A9="","",COUNTIFS('Przypadki testowe'!$C$2:$C$300,"*"&A9&"*",'Przypadki testowe'!$K$2:$K$300,"Zaliczony")) -> 0 | G9: =IF(A9="","",COUNTIFS('Przypadki testowe'!$C$2:$C$300,"*"&A9&"*",'Przypadki testowe'!$K$2:$K$300,"Niezaliczony")) -> 1 | H9: =IF(A9="","",IF(E9>0,"Pokryte","BRAK")) -> Pokryte
A10: REQ-CEN-01 | B10: Bilet normalny 30,00 zł | C10: Wysoki | D10: TC-FRM-001, TC-CEN-002, TC-CEN-003 | E10: =IF(A10="","",COUNTIF('Przypadki testowe'!$C$2:$C$300,"*"&A10&"*")) -> 3 | F10: =IF(A10="","",COUNTIFS('Przypadki testowe'!$C$2:$C$300,"*"&A10&"*",'Przypadki testowe'!$K$2:$K$300,"Zaliczony")) -> 2 | G10: =IF(A10="","",COUNTIFS('Przypadki testowe'!$C$2:$C$300,"*"&A10&"*",'Przypadki testowe'!$K$2:$K$300,"Niezaliczony")) -> 1 | H10: =IF(A10="","",IF(E10>0,"Pokryte","BRAK")) -> Pokryte
A11: REQ-CEN-02 | B11: Ulga 50%: wiek < 18 lub ≥ 65 | C11: Wysoki | D11: TC-CEN-001, TC-CEN-002, TC-CEN-003, TC-CEN-004, TC-CEN-005 | E11: =IF(A11="","",COUNTIF('Przypadki testowe'!$C$2:$C$300,"*"&A11&"*")) -> 5 | F11: =IF(A11="","",COUNTIFS('Przypadki testowe'!$C$2:$C$300,"*"&A11&"*",'Przypadki testowe'!$K$2:$K$300,"Zaliczony")) -> 4 | G11: =IF(A11="","",COUNTIFS('Przypadki testowe'!$C$2:$C$300,"*"&A11&"*",'Przypadki testowe'!$K$2:$K$300,"Niezaliczony")) -> 1 | H11: =IF(A11="","",IF(E11>0,"Pokryte","BRAK")) -> Pokryte
A12: REQ-CEN-03 | B12: Rabat 15% / 10% / 0% (karta, kod) | C12: Wysoki | D12: TC-CEN-006, TC-CEN-007, TC-CEN-009 | E12: =IF(A12="","",COUNTIF('Przypadki testowe'!$C$2:$C$300,"*"&A12&"*")) -> 3 | F12: =IF(A12="","",COUNTIFS('Przypadki testowe'!$C$2:$C$300,"*"&A12&"*",'Przypadki testowe'!$K$2:$K$300,"Zaliczony")) -> 2 | G12: =IF(A12="","",COUNTIFS('Przypadki testowe'!$C$2:$C$300,"*"&A12&"*",'Przypadki testowe'!$K$2:$K$300,"Niezaliczony")) -> 1 | H12: =IF(A12="","",IF(E12>0,"Pokryte","BRAK")) -> Pokryte
A13: REQ-CEN-04 | B13: Kod KINO10, wielkość liter bez znaczenia | C13: Wysoki | D13: TC-CEN-007, TC-CEN-008, TC-CEN-010 | E13: =IF(A13="","",COUNTIF('Przypadki testowe'!$C$2:$C$300,"*"&A13&"*")) -> 3 | F13: =IF(A13="","",COUNTIFS('Przypadki testowe'!$C$2:$C$300,"*"&A13&"*",'Przypadki testowe'!$K$2:$K$300,"Zaliczony")) -> 2 | G13: =IF(A13="","",COUNTIFS('Przypadki testowe'!$C$2:$C$300,"*"&A13&"*",'Przypadki testowe'!$K$2:$K$300,"Niezaliczony")) -> 1 | H13: =IF(A13="","",IF(E13>0,"Pokryte","BRAK")) -> Pokryte
A14: REQ-CEN-05 | B14: Opłata 2,00 zł; bez opłaty: karta lub ≥ 100,00 zł | C14: Wysoki | D14: TC-FRM-001, TC-CEN-011, TC-CEN-012, TC-CEN-013 | E14: =IF(A14="","",COUNTIF('Przypadki testowe'!$C$2:$C$300,"*"&A14&"*")) -> 4 | F14: =IF(A14="","",COUNTIFS('Przypadki testowe'!$C$2:$C$300,"*"&A14&"*",'Przypadki testowe'!$K$2:$K$300,"Zaliczony")) -> 3 | G14: =IF(A14="","",COUNTIFS('Przypadki testowe'!$C$2:$C$300,"*"&A14&"*",'Przypadki testowe'!$K$2:$K$300,"Niezaliczony")) -> 1 | H14: =IF(A14="","",IF(E14>0,"Pokryte","BRAK")) -> Pokryte
A15: REQ-CEN-06 | B15: Wzór kwoty do zapłaty, zaokrąglenie | C15: Wysoki | D15: TC-FRM-001, TC-CEN-014 | E15: =IF(A15="","",COUNTIF('Przypadki testowe'!$C$2:$C$300,"*"&A15&"*")) -> 2 | F15: =IF(A15="","",COUNTIFS('Przypadki testowe'!$C$2:$C$300,"*"&A15&"*",'Przypadki testowe'!$K$2:$K$300,"Zaliczony")) -> 1 | G15: =IF(A15="","",COUNTIFS('Przypadki testowe'!$C$2:$C$300,"*"&A15&"*",'Przypadki testowe'!$K$2:$K$300,"Niezaliczony")) -> 1 | H15: =IF(A15="","",IF(E15>0,"Pokryte","BRAK")) -> Pokryte
A16: REQ-CEN-07 | B16: Format kwot „0,00 zł” | C16: Średni | D16: TC-FRM-001 | E16: 1 | F16: =IF(A16="","",COUNTIFS('Przypadki testowe'!$C$2:$C$300,"*"&A16&"*",'Przypadki testowe'!$K$2:$K$300,"Zaliczony")) -> 0 | G16: 1 | H16: =IF(A16="","",IF(E16>0,"Pokryte","BRAK")) -> Pokryte
E17: =IF(A17="","",COUNTIF('Przypadki testowe'!$C$2:$C$300,"*"&A17&"*")) | F17: =IF(A17="","",COUNTIFS('Przypadki testowe'!$C$2:$C$300,"*"&A17&"*",'Przypadki testowe'!$K$2:$K$300,"Zaliczony")) | G17: =IF(A17="","",COUNTIFS('Przypadki testowe'!$C$2:$C$300,"*"&A17&"*",'Przypadki testowe'!$K$2:$K$300,"Niezaliczony")) | H17: =IF(A17="","",IF(E17>0,"Pokryte","BRAK"))
E18: =IF(A18="","",COUNTIF('Przypadki testowe'!$C$2:$C$300,"*"&A18&"*")) | F18: =IF(A18="","",COUNTIFS('Przypadki testowe'!$C$2:$C$300,"*"&A18&"*",'Przypadki testowe'!$K$2:$K$300,"Zaliczony")) | G18: =IF(A18="","",COUNTIFS('Przypadki testowe'!$C$2:$C$300,"*"&A18&"*",'Przypadki testowe'!$K$2:$K$300,"Niezaliczony")) | H18: =IF(A18="","",IF(E18>0,"Pokryte","BRAK"))
E19: =IF(A19="","",COUNTIF('Przypadki testowe'!$C$2:$C$300,"*"&A19&"*")) | F19: =IF(A19="","",COUNTIFS('Przypadki testowe'!$C$2:$C$300,"*"&A19&"*",'Przypadki testowe'!$K$2:$K$300,"Zaliczony")) | G19: =IF(A19="","",COUNTIFS('Przypadki testowe'!$C$2:$C$300,"*"&A19&"*",'Przypadki testowe'!$K$2:$K$300,"Niezaliczony")) | H19: =IF(A19="","",IF(E19>0,"Pokryte","BRAK"))
E20: =IF(A20="","",COUNTIF('Przypadki testowe'!$C$2:$C$300,"*"&A20&"*")) | F20: =IF(A20="","",COUNTIFS('Przypadki testowe'!$C$2:$C$300,"*"&A20&"*",'Przypadki testowe'!$K$2:$K$300,"Zaliczony")) | G20: =IF(A20="","",COUNTIFS('Przypadki testowe'!$C$2:$C$300,"*"&A20&"*",'Przypadki testowe'!$K$2:$K$300,"Niezaliczony")) | H20: =IF(A20="","",IF(E20>0,"Pokryte","BRAK"))
E21: =IF(A21="","",COUNTIF('Przypadki testowe'!$C$2:$C$300,"*"&A21&"*")) | F21: =IF(A21="","",COUNTIFS('Przypadki testowe'!$C$2:$C$300,"*"&A21&"*",'Przypadki testowe'!$K$2:$K$300,"Zaliczony")) | G21: =IF(A21="","",COUNTIFS('Przypadki testowe'!$C$2:$C$300,"*"&A21&"*",'Przypadki testowe'!$K$2:$K$300,"Niezaliczony")) | H21: =IF(A21="","",IF(E21>0,"Pokryte","BRAK"))
E22: =IF(A22="","",COUNTIF('Przypadki testowe'!$C$2:$C$300,"*"&A22&"*")) | F22: =IF(A22="","",COUNTIFS('Przypadki testowe'!$C$2:$C$300,"*"&A22&"*",'Przypadki testowe'!$K$2:$K$300,"Zaliczony")) | G22: =IF(A22="","",COUNTIFS('Przypadki testowe'!$C$2:$C$300,"*"&A22&"*",'Przypadki testowe'!$K$2:$K$300,"Niezaliczony")) | H22: =IF(A22="","",IF(E22>0,"Pokryte","BRAK"))
E23: =IF(A23="","",COUNTIF('Przypadki testowe'!$C$2:$C$300,"*"&A23&"*")) | F23: =IF(A23="","",COUNTIFS('Przypadki testowe'!$C$2:$C$300,"*"&A23&"*",'Przypadki testowe'!$K$2:$K$300,"Zaliczony")) | G23: =IF(A23="","",COUNTIFS('Przypadki testowe'!$C$2:$C$300,"*"&A23&"*",'Przypadki testowe'!$K$2:$K$300,"Niezaliczony")) | H23: =IF(A23="","",IF(E23>0,"Pokryte","BRAK"))
E24: =IF(A24="","",COUNTIF('Przypadki testowe'!$C$2:$C$300,"*"&A24&"*")) | F24: =IF(A24="","",COUNTIFS('Przypadki testowe'!$C$2:$C$300,"*"&A24&"*",'Przypadki testowe'!$K$2:$K$300,"Zaliczony")) | G24: =IF(A24="","",COUNTIFS('Przypadki testowe'!$C$2:$C$300,"*"&A24&"*",'Przypadki testowe'!$K$2:$K$300,"Niezaliczony")) | H24: =IF(A24="","",IF(E24>0,"Pokryte","BRAK"))
E25: =IF(A25="","",COUNTIF('Przypadki testowe'!$C$2:$C$300,"*"&A25&"*")) | F25: =IF(A25="","",COUNTIFS('Przypadki testowe'!$C$2:$C$300,"*"&A25&"*",'Przypadki testowe'!$K$2:$K$300,"Zaliczony")) | G25: =IF(A25="","",COUNTIFS('Przypadki testowe'!$C$2:$C$300,"*"&A25&"*",'Przypadki testowe'!$K$2:$K$300,"Niezaliczony")) | H25: =IF(A25="","",IF(E25>0,"Pokryte","BRAK"))
E26: =IF(A26="","",COUNTIF('Przypadki testowe'!$C$2:$C$300,"*"&A26&"*")) | F26: =IF(A26="","",COUNTIFS('Przypadki testowe'!$C$2:$C$300,"*"&A26&"*",'Przypadki testowe'!$K$2:$K$300,"Zaliczony")) | G26: =IF(A26="","",COUNTIFS('Przypadki testowe'!$C$2:$C$300,"*"&A26&"*",'Przypadki testowe'!$K$2:$K$300,"Niezaliczony")) | H26: =IF(A26="","",IF(E26>0,"Pokryte","BRAK"))
E27: =IF(A27="","",COUNTIF('Przypadki testowe'!$C$2:$C$300,"*"&A27&"*")) | F27: =IF(A27="","",COUNTIFS('Przypadki testowe'!$C$2:$C$300,"*"&A27&"*",'Przypadki testowe'!$K$2:$K$300,"Zaliczony")) | G27: =IF(A27="","",COUNTIFS('Przypadki testowe'!$C$2:$C$300,"*"&A27&"*",'Przypadki testowe'!$K$2:$K$300,"Niezaliczony")) | H27: =IF(A27="","",IF(E27>0,"Pokryte","BRAK"))
E28: =IF(A28="","",COUNTIF('Przypadki testowe'!$C$2:$C$300,"*"&A28&"*")) | F28: =IF(A28="","",COUNTIFS('Przypadki testowe'!$C$2:$C$300,"*"&A28&"*",'Przypadki testowe'!$K$2:$K$300,"Zaliczony")) | G28: =IF(A28="","",COUNTIFS('Przypadki testowe'!$C$2:$C$300,"*"&A28&"*",'Przypadki testowe'!$K$2:$K$300,"Niezaliczony")) | H28: =IF(A28="","",IF(E28>0,"Pokryte","BRAK"))
... E120: =IF(A120="","",COUNTIF('Przypadki testowe'!$C$2:$C$300,"*"&A120&"*")) | F120: =IF(A120="","",COUNTIFS('Przypadki testowe'!$C$2:$C$300,"*"&A120&"*",'Przypadki testowe'!$K$2:$K$300,"Zaliczony")) | G120: =IF(A120="","",COUNTIFS('Przypadki testowe'!$C$2:$C$300,"*"&A120&"*",'Przypadki testowe'!$K$2:$K$300,"Niezaliczony")) | H120: =IF(A120="","",IF(E120>0,"Pokryte","BRAK"))

Sheet Sesja eksploracyjna
A1: Karta sesji | B1: S1
A2: Zbadaj | B2: Symulator KinoTO (Symulator_KinoTO.xlsx) – cały formularz i podsumowanie
A3: Używając | B3: nietypowych danych: puste pola, spacje, liczby ujemne i ułamkowe, bardzo długie teksty, polskie znaki, różna wielkość liter, kombinacje karty i kodu
A4: Aby | B4: znaleźć defekty walidacji, wyliczania ceny i prezentacji wyników
A5: Czas | B5: 20 minut
A6: Tester
A7: Data
A10: Nr | B10: Co sprawdzono (dane wejściowe) | C10: Obserwacja (co się stało) | D10: Ocena | E10: ID raportu / pytania | F10: Czas [min]
A11: 1 | B11: Wiek: −5, reszta poprawna | C11: Komunikat „Podaj wiek od 1 do 120.”, brak podsumowania | D11: OK | F11: 2 (PRZYKŁAD)
A12: 2 | B12: Imię: Jan123, cyfry w imieniu | C12: Brak błędu walidacji! Formularz przepuścił cyfry i wyliczył cenę. | D12: Kandydat na defekt | E12: DEF-005 | F12: 3
A13: 3 | B13: Wiek: 17.5 (liczba ułamkowa) | C13: Komunikat: „Podaj wiek od 1 do 120.” (sprawdzenie C6=INT(C6) zadziałało). | D13: OK | F13: 2
A14: 4 | B14: Liczba biletów: 11 | C14: Brak komunikatu błędu! Zamówienie sfinalizowane na 11 biletów. | D14: Kandydat na defekt | E14: DEF-001 | F14: 3
A15: 5 | B15: Wiek: 65 (dokładny wiek emerytalny) | C15: Wyświetla cenę biletu 30,00 zł zamiast ulgowej 15,00 zł | D15: Kandydat na defekt | E15: DEF-002 | F15: 3
A16: 6 | B16: Kod: kino10 (małe litery) | C16: Wyświetla ostrzeżenie: „Nieprawidłowy kod – pominięto” i rabat 0%. | D16: Kandydat na defekt | E16: DEF-004 | F16: 2
A17: 7 | B17: Karta: Tak, Kod: KINO10 | C17: Naliczono rabat 20% zamiast określonego w specyfikacji 15%. | D17: Kandydat na defekt | E17: DEF-003 | F17: 3
A18: 8 | B18: Opłata rezerwacyjna | C18: Komórka wyświetla wartość 2 zamiast sformatowanej kwoty 2,00 zł. | D18: Kandydat na defekt | E18: DEF-006 | F18: 2

Sheet Raporty defektów
A1: ID | B1: Tytuł (krótki opis awarii) | C1: Data | D1: Zgłaszający | E1: Obiekt testów / URL | F1: Środowisko | G1: Warunki wstępne | H1: Kroki do odtworzenia | I1: Oczekiwany rezultat | J1: Rzeczywisty rezultat | K1: Ważność | L1: Priorytet | M1: Powtarzalność | N1: Status | O1: Powiązany przypadek / wymaganie | P1: Załączniki | Q1: Uwagi
A2: DEF-001 | B2: Formularz zezwala na zakup 11 biletów | C2: 2026-10-06 | D2: J. Kowalski | E2: Symulator_KinoTO.xlsx. | F2: Microsoft Excel / Windows 11 | G2: Otwarty Symulator_KinoTo.xlsx | H2: Otwórz arkusz Symulator_KinoTO.xlsx. Wprowadź poprawne dane: Imię: Piotr, E-mail: piotr@test.pl, Wiek: 25. W komórkę C7 (Liczba biletów) wpisz wartość 11. Ustaw Kod promocyjny: (puste), Karta: Nie. | I2: Wyświetlenie komunikatu o błędzie: „Można kupić od 1 do 10 biletów.”, brak sekcji podsumowania. | J2: Brak komunikatu o błędzie. Wyświetla się podsumowanie zakupu dla 11 biletów (Kwota do zapłaty: 330,00 zł). | K2: Wysoka | L2: Wysoki | M2: Zawsze | N2: Nowy | O2: TC-BMI-004 | P2: DEF-001.png | Q2: PRZYKŁAD – usuń lub zastąp
A3: DEF-002 | B3: Brak ulgi 50% dla klienta w wieku dokładnie 65 lat | C3: 2026-10-07 | D3: J. Kowalski | E3: Symulator_KinoTO.xlsx. | F3: Microsoft Excel / Windows 12 | G3: Otwarty Symulator_KinoTo.xlsx | H3: Wprowadź poprawne dane: Imię: Anna, E-mail: anna@test.pl. W komórkę C6 (Wiek) wpisz wartość 65. Wpisz Liczbę biletów: 1, Karta: Nie. | I3: Bilet ulgowy 50% – pole „Cena biletu” powinno wynosić 15,00 zł (zgodnie z wymogiem: „co najmniej 65 lat”). | J3: Wyświetla się pełna cena biletu: 30,00 zł. | K3: Wysoka | L3: Wysoki | M3: Zawsze | N3: Nowy
A4: DEF-003 | B4: Zawyżony rabat łączony – 20% zamiast 15% przy Karcie Kinomaniaka i kodzie KINO10 | C4: 2026-10-08 | D4: J. Kowalski | E4: Symulator_KinoTO.xlsx. | F4: Microsoft Excel / Windows 13 | G4: Otwarty Symulator_KinoTo.xlsx | H4: Wprowadź: Imię: Marek, E-mail: marek@test.pl, Wiek: 30, Liczba biletów: 2. W komórkę C8 (Kod) wpisz KINO10. W komórce C9 (Mam Kartę Kinomaniaka) wybierz Tak. | I4: Rabat powinien wynosić 15%, a łączna kwota do zapłaty: 51,00 zł (2 × 30,00 zł × 0,85). | J4: Pole Rabat wyświetla 20%, a kwota Do zapłaty wynosi 48,00 zł. | K4: Wysoka | L4: Wysoki | M4: Zawsze | N4: Nowy
A5: DEF-004 | B5: Kod promocyjny KINO10 jest wrażliwy na wielkość liter | C5: 2026-10-09 | D5: J. Kowalski | E5: Symulator_KinoTO.xlsx. | F5: Microsoft Excel / Windows 14 | G5: Otwarty Symulator_KinoTo.xlsx | H5: Wypełnij pola poprawnymi danymi (np. Wiek: 30, Bilety: 1, Karta: Nie). W komórce C8 wpisz kod małymi literami: kino10 (lub mieszanymi: Kino10). | I5: Kod uznany za poprawny, naliczony rabat 10%, brak komunikatów ostrzegawczych. | J5: Wyświetla się komunikat: „Nieprawidłowy kod – pominięto”, naliczony zostaje rabat 0%. | K5: Wysoka | L5: Wysoki | M5: Zawsze | N5: Nowy
A6: DEF-005 | B6: Brak walidacji znaków w polu Imię | C6: 2026-10-10 | D6: J. Kowalski | E6: Symulator_KinoTO.xlsx. | F6: Microsoft Excel / Windows 15 | G6: Otwarty Symulator_KinoTo.xlsx | H6: W komórkę C4 (Imię) wpisz: Jan123! lub 999. Uzupełnij pozostałe pola prawidłowymi danymi i przejdź do podsumowania. | I6: Wyświetlenie komunikatu o błędzie: „Podaj poprawne imię.”, brak podsumowania zakupu. | J6: Formularz akceptuje imię zawierające cyfry i symbole, zamówienie przechodzi do podsumowania. | K6: Wysoka | L6: Wysoki | M6: Zawsze | N6: Nowy
A7: DEF-006 | B7: Niepoprawny format prezentacji kwoty opłaty rezerwacyjnej w podsumowaniu | C7: 2026-10-11 | D7: J. Kowalski | E7: Symulator_KinoTO.xlsx. | F7: Microsoft Excel / Windows 16 | G7: Otwarty Symulator_KinoTo.xlsx | H7: Wprowadź dane zamówienia z opłatą rezerwacyjną (np. 1 bilet normalny, bez karty). Sprawdź formatowanie komórki C21 (Opłata rezerwacyjna) w sekcji Podsumowanie. | I7: Kwota sformatowana jako 2,00 zł (z dwoma miejscami po przecinku i walutą). | J7: Wyświetla się sama liczba całkowita 2 (format komórki: Ogólne / General). | K7: Wysoka | L7: Wysoki | M7: Zawsze | N7: Nowy
A8: DEF-007 | B8: Rozbieżność nazwy etykiety pola kodu rabatowego i brak przycisku „Kup” | C8: 2026-10-12 | D8: J. Kowalski | E8: Symulator_KinoTO.xlsx. | F8: Microsoft Excel / Windows 17 | G8: Otwarty Symulator_KinoTo.xlsx | H8: Porównaj etykiety w kolumnie B symulatora z treścią wymagania REQ-FRM-01. | I8: Pole B8 nosi nazwę „Kod promocyjny”; w formularzu istnieje fizyczny przycisk „Kup”. | J8: Pole B8 ma etykietę „Kod rabatowy”; brak przycisku „Kup” (zastąpiony automatycznym przeliczaniem formuł). | K8: Wysoka | L8: Wysoki | M8: Zawsze | N8: Nowy

Sheet Lista kontrolna
A1: Nr | B1: Obszar | C1: Pozycja kontrolna (pytanie; „Tak” = OK) | D1: Wynik | E1: Uwagi / dowód | F1: ID defektu
A2: CHK-01 | B2: Walidacja | C2: Czy system uniemożliwia zakup liczby biletów powyżej 10 sztuk? | D2: Nie | E2: Wpisanie 11 biletów pozwala na realizację zakupu | F2: DEF-001
A3: CHK-02 | B3: Logika biznesowa | C3: Czy senior w wieku dokładnie 65 lat otrzymuje ulgę 50% na bilet? | D3: Nie | E3: Osoba w wieku 65 lat płaci 30,00 zł zamiast 15,00 zł | F3: DEF-002
A4: CHK-03 | B4: Logika biznesowa | C4: Czy łączenie Karty Kinomaniaka i kodu daje dokładnie 15% rabatu? | D4: Nie | E4: Naliczany jest rabat w wysokości 20% | F4: DEF-003
A5: CHK-04 | B5: Użyteczność | C5: Czy kod promocyjny działa poprawnie bez względu na wielkość liter? | D5: Nie | E5: Wpisanie kino10 małymi literami odrzuca kod | F5: DEF-004
A6: CHK-05 | B6: Bezpieczeństwo | C6: Czy pole „Imię” blokuje wprowadzanie cyfr i znaków specjalnych? | D6: Nie | E6: Formularz akceptuje imię Jan123! | F6: DEF-005
A7: CHK-06 | B7: Prezentacja | C7: Czy wszystkie kwoty w podsumowaniu wyświetlają się w formacie „0,00 zł”? | D7: Nie | E7: Opłata rezerwacyjna wyświetla 2 zamiast 2,00 zł | F7: DEF-006
A8: CHK-07 | B8: Spójność | C8: Czy nazwy pól formularza są w 100% zgodne ze specyfikacją wymagań? | D8: Nie | E8: W B8 widnieje „Kod rabatowy” zamiast „Kod promocyjny” | F8: DEF-007
A9: CHK-08 | B9: Walidacja | C9: Czy wpisanie niepoprawnego adresu e-mail blokuje realizację zakupu? | D9: Tak | E9: Komunikat: „Niepoprawny adres e-mail.”
A10: CHK-09 | B10: Walidacja | C10: Czy wiek ułamkowy lub tekstowy jest prawidłowo blokowany? | D10: Tak | E10: Komunikat: „Podaj wiek od 1 do 120.”
A11: CHK-10 | B11: Finanse | C11: Czy zamówienie na kwotę >= 100 zł zwalnia z opłaty rezerwacyjnej? | D11: Tak | E11: 4 bilety po 30 zł = 120 zł, opłata = 0 zł

Sheet Raport z wykonania
A1: Pozycja | B1: Wartość | C1: Komentarz
A2: IDENTYFIKACJA
A3: Identyfikator raportu | B3: TSR-KinoTO-1.0-01
A4: Obiekt testów | B4: Symulator_KinoTO.xlsx
A5: Okres testów | B5: 46302
A6: Autor | B6: Kacper Mederski
A7: PRZYPADKI TESTOWE
A8: Zaprojektowane przypadki testowe | B8: =COUNTA('Przypadki testowe'!A2:A300) -> 33
A9: Zaliczone | B9: =COUNTIF('Przypadki testowe'!K2:K300,"Zaliczony") -> 26
A10: Niezaliczone | B10: =COUNTIF('Przypadki testowe'!K2:K300,"Niezaliczony") -> 7
A11: Zablokowane | B11: =COUNTIF('Przypadki testowe'!K2:K300,"Zablokowany") -> 0
A12: Pominięte | B12: =COUNTIF('Przypadki testowe'!K2:K300,"Pominięty") -> 0
A13: Nie wykonano | B13: =COUNTIF('Przypadki testowe'!K2:K300,"Nie wykonano") -> 0
A14: % wykonanych (zaliczone + niezaliczone) | B14: =IFERROR((B9+B10)/B8,0) -> 1
A15: % zaliczonych spośród wykonanych | B15: =IFERROR(B9/(B9+B10),0) -> 0.78787879
A16: WYMAGANIA (MACIERZ ŚLEDZENIA)
A17: Wymagania w macierzy | B17: =COUNTA('Macierz śledzenia'!A2:A300) -> 15
A18: Wymagania pokryte przypadkami | B18: =COUNTIF('Macierz śledzenia'!H2:H300,"Pokryte") -> 15
A19: % pokrycia wymagań | B19: =IFERROR(B18/B17,0) -> 1
A20: LISTA KONTROLNA
A21: Pozycje listy kontrolnej | B21: =COUNTA('Lista kontrolna'!A2:A300) -> 10
A22: Wynik „Tak” | B22: =COUNTIF('Lista kontrolna'!D2:D300,"Tak") -> 3
A23: Wynik „Nie” | B23: =COUNTIF('Lista kontrolna'!D2:D300,"Nie") -> 7
A24: Nie dotyczy / nie sprawdzono | B24: =COUNTIF('Lista kontrolna'!D2:D300,"Nie dotyczy")+COUNTIF('Lista kontrolna'!D2:D300,"Nie sprawdzono") -> 0
A25: DEFEKTY
A26: Zgłoszone defekty | B26: 7
A27: – krytyczne | B27: =COUNTIF('Raporty defektów'!K2:K300,"Krytyczna") -> 0
A28: – wysokie | B28: 4
A29: – średnie | B29: 1
A30: – niskie | B30: 2
A31: Otwarte (bez Zamknięty i Odrzucony) | B31: =B26-COUNTIF('Raporty defektów'!N2:N300,"Zamknięty")-COUNTIF('Raporty defektów'!N2:N300,"Odrzucony") -> 7
A32: OCENA
A33: Zakres wykonanych prac i odstępstwa od planu | C33: Wykonano pełen zestaw testów funkcjonalnych, czarnoskrzynkowych (EP, AWB, tablice decyzyjne) oraz 20-minutową sesję testowania eksploracyjnego. Pokryto 100% zdefiniowanych wymagań biznesowych REQ-FRM oraz REQ-CEN.
A34: Najważniejsze problemy i ryzyka | C34: Ryzyko strat finansowych kina: Naliczanie rabatu 20% zamiast 15% (DEF-003) powoduje bezpośrednie zaniżenie przychodów z każdego zakupu łączonego. Ryzyko prawne: Brak zniżki 50% dla seniorów w wieku dokładnie 65 lat (DEF-002) naraża kino na zarzut wprowadzania konsumentów w błąd (naruszenie praw konsumenta). Ryzyko rezerwacyjne: Sprzedaż 11 biletów w jednym zamówieniu (DEF-001) łamie ograniczenia pojemnościowe pojedynczych rezerwacji. Utrata konwersji: Odrzucanie kodu promocyjnego wpisanego małymi literami (DEF-004) zniechęca klientów mobilnych korzystających z autokorekty.
A35: Kryteria wyjścia spełnione? | C35: NIESPEŁNIONE. Kryterium wyjścia wymagało 0 otwartych defektów o ważności Krytycznej i Wysokiej oraz wskaźnika zaliczenia testów na poziomie min. 95%.
A36: Rekomendacja | C36: Nie wydawać. Wersja 1.0 nie nadaje się do wdrożenia na produkcję. Wymagana jest natychmiastowa naprawa formuł w arkuszu, a następnie wykonanie retestów i pełnych testów regresji.
A37: Wnioski na przyszłość (lessons learned)
